name,value,date
条目,41243,2019-01-01
条目,11243,2019-01-02
条目,51243,2019-01-03
エントリ,12412,2019-01-03
エントリ,43343,2019-01-01
エントリ,34645,2019-01-02
Запись,12312,2019-01-01
Запись,2231231232,2019-01-02
Запись,32312,2019-01-03
Item,21412,2019-01-01
Item,61412,2019-01-02
Item,11412,2019-01-03
조목,24124,2019-01-01
조목,23123,2019-01-02
조목,12311,2019-01-03
aaaa,24124,2019-01-01
aaaa,23123,2019-01-02
aaaa,12345,2019-01-03
aaas,24124,2019-01-01
aaas,23123,2019-01-02
aaas,12345,2019-01-03
asas,24111,2019-01-01
asas,13123,2019-01-02
asas,43465,2019-01-03
bbb,24111,2019-01-01
bbb,13123,2019-01-02
bbb,43465,2019-01-03
asaxs,24111,2019-01-01
asaxs,13123,2019-01-02
asaxs,43465,2019-01-03
ccccc,74111,2019-01-01
ccccc,13333,2019-01-02
ccccc,3465,2019-01-03
